ghost,efl,bfl,exit_pupil_diameter,exit_pupil_from_image,chief_y_1deg,centroid_y_1deg,rms_0,rms_1deg,rays_0,rays_1deg
G2-1,15.4447,-40.3803,15.0255,-108.8367,1.2642,1.3305,20.402,20.405,325,325
G3-1,138.1157,-64.5371,3.1674,-66.0399,-3.6495,-3.6598,2.7871,2.7900,325,325
G3-2,90.2153,-54.4332,3.3169,-129.6071,6.8266,6.8415,3.9458,3.9608,325,325
G4-1,149.0991,-67.3887,3.1169,-66.1657,-3.7160,-3.7260,2.6472,2.6496,325,325
G4-2,88.0681,-55.5334,3.2887,-129.7461,6.8928,6.9081,4.0857,4.1011,325,325
G4-3,97.5804,43.9402,10.1733,-100.5814,1.7257,1.7285,0.057465,0.058867,325,325
G5-1,-33.4446,-19.9946,1.4882,-70.2218,-8.3264,-4.9046,7.0457,5.4812,253,155
G5-2,33.4407,-83.5243,2.0747,-135.7124,11.445,5.0688,13.746,10.760,325,159
G5-3,97.5804,-46.5598,10.1733,-191.0814,3.2785,3.2842,3.3447,3.3473,325,325
G5-4,97.5804,-45.2412,10.1733,-189.7628,3.2559,3.2616,3.2968,3.2994,325,325
