wavelength_um,ghost,efl,bfd,delta_z,exit_pupil_from_last,exit_pupil_diameter,entrance_pupil_diameter,stop_surface,field,marker,image_height,paraxial_center_y,chief_y,centroid_x,centroid_y,rms_radius,max_radius,transmitted,irradiance,tangential_focus,sagittal_focus
0.4861327,"G2,1",15.376541811591926,-40.42806544403955,85.67806544403955,-63.542994182731206,15.032592517822174,10,1,0,,0,0,0,2.017313760833092E-16,-4.707065441943882E-16,20.62625946376896,29.61610116967018,1.0000000000000004,5.774608027766012E-07,85.67806589725477,85.67806589725477
0.4861327,"G2,1",15.376541811591926,-40.42806544403955,85.67806544403955,-63.542994182731206,15.032592517822174,10,1,1,,1.7026677545174538,1.2632476899399685,1.2631283921830132,-5.603649335647477E-17,1.3306700842087216,20.628864054770446,29.74763408476404,0.9999999999999273,5.773149921050315E-07,85.68039236308462,85.67837545385213
0.4861327,"G3,1",145.27421877371512,-66.7187039058056,111.96870390580557,-21.00229764443038,3.1469042922602046,10,1,0,,0,0,0,-6.514242352690193E-17,7.004561669559347E-17,2.7143275131656086,3.802331898055667,1.0000000000000004,3.054664161116581E-05,111.96870482961761,111.96870482961761
0.4861327,"G3,1",145.27421877371512,-66.7187039058056,111.96870390580557,-21.00229764443038,3.1469042922602046,10,1,1,,1.7026677545174538,-3.6748437500034026,-3.685223087519689,4.9031931686915434E-18,-3.6956409636854763,2.716720818809045,3.828630323657139,0.9999999999999273,3.0492844955205615E-05,112.0070443778985,111.98272416188433
0.4861327,"G3,2",87.58988503180193,-55.29448794440024,100.54448794440023,-84.35340650067843,3.317611222543283,10,1,0,,0,0,0,2.521642201041365E-17,9.806386337383086E-17,4.119999376417465,5.824922060771727,1.0000000000000004,1.4473353275692542E-05,100.54448827602401,100.54448827602401
0.4861327,"G3,2",87.58988503180193,-55.29448794440024,100.54448794440023,-84.35340650067843,3.317611222543283,10,1,1,,1.7026677545174538,6.818869733787818,6.8250705107182,-3.922554534953235E-17,6.8406616394247814,4.135412340812237,5.886858739407951,0.9999999999999273,1.4365667972157093E-05,100.60650821516788,100.58608490425918
0.4861327,"G4,1",157.63954031161595,-69.94649510985515,115.19649510985515,-21.125977049179326,3.096971607768537,10,1,0,,0,0,0,1.1207298671294955E-17,-3.025970641249638E-16,2.5717753677177235,3.6014316057943794,1.0000000000000004,3.117068931020991E-05,115.19649619995427,115.19649619995427
0.4861327,"G4,1",157.63954031161595,-69.94649510985515,115.19649510985515,-21.125977049179326,3.096971607768537,10,1,1,,1.7026677545174538,-3.7410642905509555,-3.7519124573947025,-2.7317790511281454E-17,-3.762059727147129,2.5736437769241682,3.626040891847201,0.9999999999999273,3.11254472584053E-05,115.24276612083492,115.21336771280144
0.4861327,"G4,2",85.55055902108491,-56.350645069870936,101.60064506987092,-84.49189786540833,3.289429445879094,10,1,0,,0,0,0,-1.5410035673030564E-17,-1.0927116204512582E-16,4.261633365555923,6.024570094137703,1.0000000000000004,1.2391840055582014E-05,101.6006453850116,101.6006453850116
0.4861327,"G4,2",85.55055902108491,-56.350645069870936,101.60064506987092,-84.49189786540833,3.289429445879094,10,1,1,,1.7026677545174538,6.884638471233883,6.8910090218645035,-5.04328440208273E-17,6.907076221519725,4.277520481541071,6.088501232313563,0.9999999999999273,1.2299962060813939E-05,101.65900301815114,101.64005877183877
0.4861327,"G4,3",96.54463154846229,42.91764960035107,2.332350399648938,-55.31227432780368,10.174560962392453,10,1,0,,0,0,0,-4.815636147822051E-18,2.801824667823739E-18,0.09619650196751185,0.14227927264224896,1.0000000000000004,0.026548800474318502,2.332350802557015,2.332350802557015
0.4861327,"G4,3",96.54463154846229,42.91764960035107,2.332350399648938,-55.31227432780368,10.174560962392453,10,1,1,,1.7026677545174538,1.7252056714870712,1.7251848809235095,-1.4972250568683104E-17,1.7280351045480458,0.09760431032197117,0.15059794043596808,0.9999999999999273,0.02578846362184023,2.381801492105975,2.3553310140055306
0.4861327,"G5,1",-32.4127291198208,-20.33605500118732,65.58605500118732,-53.99853868078227,10.174560962392425,9.796819852215293,1,0,,0,0,0,2.0733502541895667E-16,3.5302990814579113E-16,7.157146488007667,10.148214325441623,0.9846098906067473,4.061761729266999E-06,65.58605547674323,65.58605547674323
0.4861327,"G5,1",-32.4127291198208,-20.33605500118732,65.58605500118732,-53.99853868078227,10.174560962392425,9.796819852215293,1,0.525,P,0.8938348190328712,-0.8756738699702505,-0.8750901432232189,1.4861949652352692E-16,-2.575699087131579,6.395040996893077,9.490876531304542,0.7776274318739552,4.018046589972344E-06,65.60175391810598,65.59131063929885
0.4861327,"G5,1",-32.4127291198208,-20.33605500118732,65.58605500118732,-53.99853868078227,10.174560962392425,9.796819852215293,1,1,,1.7026677545174538,-1.6680729259183444,-1.6640528147822282,1.2721305490496585E-16,-4.921642520897669,5.719547850965354,9.19223183286762,0.5908834179684762,3.816879668923601E-06,65.6426391616155,65.60504532196867
0.4861327,"G5,2",32.85496493041358,-83.64143962027522,128.89143962027524,-50.65686782351063,10.000000000000014,9.960706821616617,2,0,,0,0,0,1.569021813981294E-16,4.594992455230932E-16,13.935461703048839,19.64163521300148,0.9819745039422265,1.2057939931537618E-06,128.89143955006026,128.89143955006026
0.4861327,"G5,2",32.85496493041358,-83.64143962027522,128.89143962027524,-50.65686782351063,10.000000000000014,9.960706821616617,2,0.49166666666666664,P,0.8370805214057556,-0.8197825293917785,-0.8192780222845488,-3.5385594410363554E-17,2.477630579842026,12.46003883731411,18.425999434307816,0.7756968132649219,1.1914308567852576E-06,128.90035353636432,128.89512442000378
0.4861327,"G5,2",32.85496493041358,-83.64143962027522,128.89143962027524,-50.65686782351063,10.000000000000014,9.960706821616617,2,1,,1.7026677545174538,-1.6674826887239773,-1.663254117430989,-1.1810883240693155E-17,4.805697523950111,10.994921725254581,17.72375087934072,0.5767433727807518,1.1376638477696033E-06,128.9280746595853,128.90662591932448
0.4861327,"G5,3",96.54463154846229,-47.58235039964894,92.83235039964894,-145.81227432780366,10.174560962392452,10,1,0,,0,0,0,-2.1013685008678042E-18,3.642372068170861E-17,3.4358500104441037,4.847306225865841,1.0000000000000004,2.222503308009989E-05,92.83235080255703,92.83235080255703
0.4861327,"G5,3",96.54463154846229,-47.58235039964894,92.83235039964894,-145.81227432780366,10.174560962392452,10,1,1,,1.7026677545174538,3.2777870377421543,3.2777540605499396,-6.304105502603413E-17,3.2836557032310068,3.4385192263387028,4.863846876689019,0.9999999999999273,2.2190541264180326E-05,92.88180149210373,92.85533101400554
0.4861327,"G5,4",96.54463154846229,-46.2686147526276,91.5186147526276,-144.49853868078233,10.174560962392452,10,1,0,,0,0,0,-5.813786185734258E-17,-7.564926603124095E-17,3.387394372283528,4.77905851383873,1.0000000000000004,2.4960586305270333E-05,91.51861515653732,91.51861515653732
0.4861327,"G5,4",96.54463154846229,-46.2686147526276,91.5186147526276,-144.49853868078233,10.174560962392452,10,1,1,,1.7026677545174538,3.255249120772537,3.2552182057842276,-8.26538277008003E-17,3.261093058495649,3.3900531086866437,4.795531872243374,0.9999999999999273,2.4921449693753698E-05,91.5683955032329,91.54170526289286
0.5875618,"G2,1",15.444689559650493,-40.38027974430473,85.63027974430472,-63.586658510838404,15.025474404588053,10,1,0,,0,0,0,1.3448758405553947E-16,-1.2328028538424451E-15,20.515854933210473,29.451773668736394,1.0000000000000004,5.658479912899264E-07,85.6302801948335,85.6302801948335
0.5875618,"G2,1",15.444689559650493,-40.38027974430473,85.63027974430472,-63.586658510838404,15.025474404588053,10,1,1,,1.7031220771180537,1.264353383941633,1.2642340808403776,1.7931677874071928E-16,1.3311976884186951,20.518437896702416,29.581918711258194,0.9999999999999273,5.65705536711587E-07,85.6326211627183,85.63058693671724
0.5875618,"G3,1",138.11567317317804,-64.53707253682875,109.78707253682872,-20.78987548366941,3.1674317655684443,10,1,0,,0,0,0,-2.0313228841722107E-17,1.3028484705380386E-16,2.801060058457858,3.9249901450939024,1.0000000000000004,2.784940836937802E-05,109.7870733506493,109.7870733506493
0.5875618,"G3,1",138.11567317317804,-64.53707253682875,109.78707253682872,-20.78987548366941,3.1674317655684443,10,1,1,,1.7031220771180537,-3.63932169573345,-3.6495084726387335,-3.5022808347796734E-17,-3.6599394264386946,2.8039073428739267,3.9523043734047025,0.9999999999999273,2.77928765972417E-05,109.82053062219285,109.79907146683259
0.5875618,"G3,2",90.2152918090086,-54.43315061506765,99.68315061506765,-84.35708362578825,3.316946873493624,10,1,0,,0,0,0,-4.763101935300356E-17,-2.521642201041365E-17,3.966327077575287,5.607987193222342,1.0000000000000004,1.5139166588970483E-05,99.683150959504,99.683150959504
0.5875618,"G3,2",90.2152918090086,-54.43315061506765,99.68315061506765,-84.35708362578825,3.316946873493624,10,1,1,,1.7031220771180537,6.820428985232011,6.8266341308098095,-8.685656470253591E-17,6.841638493458425,3.981401948479341,5.667949554488824,0.9999999999999273,1.502474010012097E-05,99.74893272060555,99.72723390121685
0.5875618,"G4,1",149.09906352985936,-67.3887101367914,112.63871013679137,-20.915655192145998,3.116924670377857,10,1,0,,0,0,0,-9.105930170427152E-18,4.903193168691543E-17,2.6604570889757966,3.726825645693909,1.0000000000000004,2.832240283292657E-05,112.63871108706522,112.63871108706522
0.5875618,"G4,1",149.09906352985936,-67.3887101367914,112.63871013679137,-20.915655192145998,3.116924670377857,10,1,1,,1.7031220771180537,-3.7053375667784634,-3.7159863788168606,-4.272782618431202E-17,-3.7261266737420184,2.6628096352208215,3.7524741353657243,0.9999999999999273,2.8272380233912864E-05,112.67752540382955,112.65262637363043
0.5875618,"G4,2",88.0681144888862,-55.53335990761849,100.78335990761849,-84.49605835913184,3.288670209371669,10,1,0,,0,0,0,1.2608211005206825E-17,1.9612772674766174E-17,4.106956873637958,5.806207159987417,1.0000000000000004,1.2954496266258339E-05,100.78336023469522,100.78336023469522
0.5875618,"G4,2",88.0681144888862,-55.53335990761849,100.78335990761849,-84.49605835913184,3.288670209371669,10,1,1,,1.7031220771180537,6.886448712264315,6.892824391349074,-9.946477570774273E-17,6.908286778903598,4.122499321942743,5.868112771407009,0.9999999999999273,1.2856999566801254E-05,100.84529581337084,100.82511959814694
0.5875618,"G4,3",97.58040286790211,43.94018817061433,1.30981182938568,-55.33139200788389,10.173311162988895,10,1,0,,0,0,0,6.479219544342396E-18,6.304105502603413E-18,0.0578751831719584,0.08815445368610253,1.0000000000000004,0.07110403725528854,1.3098122320325378,1.3098122320325378
0.5875618,"G4,3",97.58040286790211,43.94018817061433,1.30981182938568,-55.33139200788389,10.173311162988895,10,1,1,,1.7031220771180537,1.7257456298548046,1.7257249200309959,-4.9031931686915434E-18,1.7285128719163851,0.05928533240394494,0.09632657116065424,0.9999999999999273,0.06776173215723148,1.3598469706359946,1.3330805585876524
0.5875618,"G5,1",-33.44463660750899,-19.994557507829022,65.24455750782901,-24.971754415907622,1.4881898603021826,10,1,0,,0,0,0,-8.736181177378281E-17,-3.377990055252935E-16,6.939531870751092,9.9640312370992,0.9621451104100951,4.357395661202489E-06,65.24455798482103,65.24455798482103
0.5875618,"G5,1",-33.44463660750899,-19.994557507829022,65.24455750782901,-24.971754415907622,1.4881898603021826,10,1,0.475,P,0.8089193737666515,-3.911958702791522,-3.921498248887115,-6.063868728876357E-17,-2.2496014893780383,6.2941040404211215,9.462381672643252,0.7854889589905335,4.324331893917721E-06,65.40754805392616,65.29897413982435
0.5875618,"G5,1",-33.44463660750899,-19.994557507829022,65.24455750782901,-24.971754415907622,1.4881898603021826,10,1,1,,1.7031220771180537,-8.236350182187977,-8.326375277665505,1.1699124345512402E-16,-5.007492975516993,5.5704308884836164,9.064142465673815,0.5867507886434905,4.12404001070504E-06,65.9676655063264,65.48712890521675
0.5875618,"G5,2",33.44072959859517,-83.52432084074866,128.77432084074866,-90.46236425572039,2.0747284817802516,10,1,0,,0,0,0,7.564926603124095E-17,-2.8018246678237387E-16,13.817981806029401,19.534611478842024,1.0000000000000004,1.2450183095370815E-06,128.7743207750964,128.7743207750964
0.5875618,"G5,2",33.44072959859517,-83.52432084074866,128.77432084074866,-90.46236425572039,2.0747284817802516,10,1,0.5166666666666667,P,0.8798809052685297,5.8987193049789015,5.902498624156538,1.9618398828717626E-16,2.5761125088453833,12.292652742908025,18.348998708885492,0.7854889589905324,1.2357022275123791E-06,128.75356751162715,128.76821118699277
0.5875618,"G5,2",33.44072959859517,-83.52432084074866,128.77432084074866,-90.46236425572039,2.0747284817802516,10,1,1,,1.7031220771180537,11.417725984138762,11.445203252351286,-1.2755753899948608E-16,5.059434157577977,10.890584175806877,17.60450270006037,0.5930599369084743,1.1886697376396428E-06,128.69658665533956,128.7513892761058
0.5875618,"G5,3",97.58040286790211,-46.55981182938567,91.80981182938567,-145.83139200788392,10.1733111629889,10,1,0,,0,0,0,-2.241459734258991E-17,1.6250583073377686E-16,3.3619444749580243,4.7430450484262865,1.0000000000000004,2.2924617648369413E-05,91.80981223203253,91.80981223203253
0.5875618,"G5,3",97.58040286790211,-46.55981182938567,91.80981182938567,-145.83139200788392,10.1733111629889,10,1,1,,1.7031220771180537,3.278517731971048,3.278484898496229,-8.335428386775623E-17,3.284270090127839,3.364588055033744,4.7593049362749245,0.9999999999999273,2.2888607739668406E-05,91.85984697062891,91.83308055858765
0.5875618,"G5,4",97.58040286790211,-45.24124645853341,90.4912464585334,-144.51282663703162,10.173311162988897,10,1,0,,0,0,0,-1.8912316507810237E-17,3.922554534953234E-16,3.313827615208985,4.675274964065915,1.0000000000000004,2.571825812896798E-05,90.49124686215887,90.49124686215887
0.5875618,"G5,4",97.58040286790211,-45.24124645853341,90.4912464585334,-144.51282663703162,10.173311162988897,10,1,1,,1.7031220771180537,3.2558941792342972,3.255863404743768,1.470957950607463E-17,3.261622030879593,3.3164607268504565,4.691468058862233,0.9999999999999273,2.5677436200044226E-05,90.54161070136362,90.51462489804113
0.6562725,"G2,1",15.475165516137329,-40.35889714393038,85.60889714393036,-63.606150368050145,15.022296982786905,10,1,0,,0,0,0,-2.353532720971941E-16,1.569021813981294E-16,20.466831270957552,29.37883423713958,1.0000000000000004,5.606893648178683E-07,85.60889759326284,85.60889759326284
0.6562725,"G2,1",15.475165516137329,-40.35889714393038,85.60889714393036,-63.606150368050145,15.022296982786905,10,1,1,,1.7033250223724765,1.2648472964469584,1.2647279912348703,-2.7457881744672643E-16,1.3314357939916073,20.469404643321077,29.50836589194915,0.9999999999999273,5.605483962020616E-07,85.61124505445974,85.60920305485656
0.6562725,"G3,1",135.18350678177754,-63.63746968525486,108.88746968525484,-20.694519385456623,3.1766412428640187,10,1,0,,0,0,0,6.234059885907819E-17,-5.743740569038665E-17,2.8390820251402964,3.9787635564899206,1.0000000000000004,2.675102828889545E-05,108.88747045604788,108.88747045604788
0.6562725,"G3,1",135.18350678177754,-63.63746968525486,108.88746968525484,-20.694519385456623,3.1766412428640187,10,1,1,,1.7033250223724765,-3.6235312064873364,-3.633633111434145,-4.132691385040015E-17,-3.644075490078793,2.8421253418548758,4.006528488241832,0.9999999999999273,2.669376954462515E-05,108.91924752304331,108.89875514973413
0.6562725,"G3,2",91.43313697003899,-54.03355279597097,99.28355279597096,-84.35872600235422,3.316650200497909,10,1,0,,0,0,0,-7.564926603124095E-17,1.512985320624819E-16,3.898046694699577,5.511603934152563,1.0000000000000004,1.5457151460982117E-05,99.28355314641718,99.28355314641718
0.6562725,"G3,2",91.43313697003899,-54.03355279597097,99.28355279597096,-84.35872600235422,3.316650200497909,10,1,1,,1.7033250223724765,6.8211255057739475,6.827332604593451,-3.642372068170861E-17,6.842080944623033,3.912971333765031,5.570698751933575,0.9999999999999273,1.5339464700828744E-05,99.3510922131531,99.32880536080204
0.6562725,"G4,1",145.62571811120185,-66.34203569133614,111.59203569133615,-20.821247952721194,3.1258755890806764,10,1,0,,0,0,0,1.1207298671294955E-17,-1.330866717216276E-16,2.6993429466148666,3.7818113979183425,1.0000000000000004,2.7167711449369384E-05,111.59203658749419,111.59203658749419
0.6562725,"G4,1",145.62571811120185,-66.34203569133614,111.59203569133615,-20.821247952721194,3.1258755890806764,10,1,1,,1.7033250223724765,-3.689455610235251,-3.700016544706722,3.642372068170861E-17,-3.7101599145987385,2.7019047038566044,3.8079216195597003,0.9999999999999273,2.7116218820554252E-05,111.62827056595708,111.60491063803751
0.6562725,"G4,2",89.23506014643468,-55.15447362085774,100.40447362085776,-84.49791659530823,3.2883311700914293,10,1,0,,0,0,0,-7.985200303297656E-17,8.405474003471217E-18,4.038228165465697,5.709186533848039,1.0000000000000004,1.3222532822171189E-05,100.40447395352466,100.40447395352466
0.6562725,"G4,2",89.23506014643468,-55.15447362085774,100.40447362085776,-84.49791659530823,3.2883311700914293,10,1,1,,1.7033250223724765,6.887257369546191,6.893635341669196,-1.1207298671294955E-17,6.908833762743082,4.053617447125148,5.770201978146095,0.9999999999999273,1.312232651236592E-05,100.46807928379866,100.44733536074244
0.6562725,"G4,3",98.04781813319914,44.40169271723898,0.8483072827610272,-55.33993076734475,10.172752987637473,10,1,0,,0,0,0,-9.98150037912207E-18,-1.61104918399865E-17,0.04087077299936293,0.06410272928514661,1.0000000000000004,0.1406040510087757,0.8483076853000283,0.8483076853000283
0.6562725,"G4,3",98.04781813319914,44.40169271723898,0.8483072827610272,-55.33993076734475,10.172752987637473,10,1,1,,1.7033250223724765,1.7259868344416407,1.7259661609375454,-1.3658895255640727E-17,1.7287265887445733,0.04229015422240065,0.0722100539149173,0.9999999999999273,0.13132427113759834,0.8986061096141355,0.8717061252320054
0.6562725,"G5,1",-33.92130232205947,-19.838785312878763,65.08878531287877,-24.89991325839991,1.492020529597954,10,1,0,,0,0,0,1.7511404173898368E-16,-7.284744136341721E-17,6.964863834690918,9.901671171429548,1.0000000000000004,4.47669878265437E-06,65.08878578189348,65.08878578189348
0.6562725,"G5,1",-33.92130232205947,-19.838785312878763,65.08878531287877,-24.89991325839991,1.492020529597954,10,1,0.5,P,0.8515976500841215,-4.103087098300293,-4.114130552314178,1.9796747908978695E-16,-2.4715311720138433,6.191178260719489,9.307332511925557,0.7854889589905327,4.450169998793937E-06,65.26947305014782,65.14911735365592
0.6562725,"G5,1",-33.92130232205947,-19.838785312878763,65.08878531287877,-24.89991325839991,1.492020529597954,10,1,1,,1.7033250223724765,-8.206799211832251,-8.296116892914227,2.1010672293981458E-16,-5.031183881190489,5.4784262011691816,8.912482752657715,0.5867507886434905,4.245464215774056E-06,65.8122247639782,65.33145439250953
0.6562725,"G5,2",33.707784281063155,-83.47089968856334,128.72089968856335,-90.46375321451742,2.074551524255078,10,1,0,,0,0,0,-1.6810948006942434E-17,-1.1431444644720855E-15,13.701615241650314,19.36926927426339,1.0000000000000004,1.2599890607410942E-06,128.720899625168,128.720899625168
0.6562725,"G5,2",33.707784281063155,-83.47089968856334,128.72089968856335,-90.46375321451742,2.074551524255078,10,1,0.5,P,0.8515976500841215,5.708973567749937,5.712399561171129,-2.2115285952372595E-16,2.4128680084897884,12.188997434433672,18.192652698787935,0.7854889589905327,1.2505884801471693E-06,128.70156064201223,128.71522204198303
0.6562725,"G5,2",33.707784281063155,-83.47089968856334,128.72089968856335,-90.46375321451742,2.074551524255078,10,1,1,,1.7033250223724765,11.41881677227617,11.446301757986774,-1.7952542525853594E-16,5.1136673345705,10.799430325711056,17.456166779678284,0.5930599369084743,1.2028381763047632E-06,128.64355286576975,128.69814387958633
0.6562725,"G5,3",98.04781813319914,-46.09830728276102,91.34830728276103,-145.83993076734473,10.172752987637471,10,1,0,,0,0,0,-4.0626457683444214E-17,1.9612772674766174E-17,3.329103838497601,4.696716827693393,1.0000000000000004,2.324785045804755E-05,91.34830768530003,91.34830768530003
0.6562725,"G5,3",98.04781813319914,-46.09830728276102,91.34830728276103,-145.83993076734473,10.172752987637471,10,1,1,,1.7033250223724765,3.278844136612858,3.2788113676790083,-7.705017836515282E-17,3.2845451115986983,3.3317360172721875,4.712852607536131,0.9999999999999273,2.32111318667824E-05,91.39860610961506,91.371706125232
0.6562725,"G5,4",98.04781813319914,-44.77758451616053,90.02758451616052,-144.51920800074427,10.172752987637475,10,1,0,,0,0,0,-6.093968652516632E-17,1.93325902079838E-16,3.281138316824725,4.629160104457148,1.0000000000000004,2.60684725803504E-05,90.02758491966796,90.02758491966796
0.6562725,"G5,4",98.04781813319914,-44.77758451616053,90.02758451616052,-144.51920800074427,10.172752987637475,10,1,1,,1.7033250223724765,3.2561823245436936,3.256151613114042,-3.5022808347796734E-17,3.261858891865242,3.283760032332738,4.645229314486466,0.9999999999999273,2.6026863671299193E-05,90.07821218930307,90.05109298380485
